pg,nameU,locality,character,val,unit,alter
001,Aam,Antwerp,liquid capacity,37.56347,gal,
001,Aam,Brunswic,liquid capacity,39.52018,gal,
001,Aam,Rotterdam,liquid capacity,40.55925,gal,
001,Aam _ Oil,Amsterdam,liquid capacity,37.7299,gal,
001,Aam _ Wine,Amsterdam,liquid capacity,41.00041,gal,
001,Abas _ Pearls,Persia,weight (metals),2.88,gr,
001,Abucco,Pergu,weight,0.424107,lb,
001,Accino,Naples,weight (metals),0.66,gr,
001,Acetabulum,Ancient Romans,dry capacity,0.00191,bu,
001,Acetabulum,Ancient Romans,liquid capacity,0.01782,gal,
001,Achana,Ancient Greeks,dry capacity,1.46973,bu,
001,Achtel,Augsburg,liquid capacity,0.03877,gal,
001,Achtel,Frankfort,dry capacity,3.25626,bu,
001,Achtel,Hanover,length,0.1198,in,
001,Achtel,Munich,dry capacity,0.13125,bu,
001,Achtel,Prussia,solid,393.065,ft3,
001,Achtel,Vienna,dry capacity,0.21814,gal,
001,Achtel,Wurtemberg,dry capacity,0.07861,gal,
001,Achtel,Wurtemberg,solid,14.948,ft3,
001,Achtel,Wurzburg,liquid capacity,2.47345,gal,
001,Achtel _ Oats,Wurzburg,dry capacity,3.79181,bu,
001,Achtel _ Wheat,Wurzburg,dry capacity,2.45443,bu,
001,Achtendeel,Dordrecht,dry capacity,0.86198,bu,
001,Achtendeel,Rotterdam,dry capacity,0.95095,bu,
001,Achtendeel,Worcum,dry capacity,1.17315,bu,
001,Achterli,Berne,dry capacity,0.0497,bu,
002,Acker,Erfurt,superficial,1.2857,ac,
002,Acker,Hesse Cassel,superficial,0.5897,ac,
002,Acker,Leipsic,superficial,1.3624,ac,
002,Acker,Weimar,superficial,0.7042,ac,
002,Acker Meadow,Bamberg,superficial,1.5024,ac,
002,Acker Tillage,Bamberg,superficial,1.5024,ac,
002,Acker Tillage,Gotha,superficial,0.651,ac,
002,Acker Wood-Land,Bamberg,superficial,1.1661,ac,
002,Acker Wood-Land,Gotha,superficial,0.8373,ac,
002,Acre,Great Britain,superficial,1,ac,
002,Acre,United States,superficial,1,ac,
002,Acre Old Measure,Scotland,superficial,1.2707,ac,
002,Actus,Ancient Romans,length,38.82655,yd,
002,Actus Major,Ancient Romans,superficial,0.3115,ac,
002,Actus Simplex,Ancient Romans,superficial,0.0104,ac,
002,Adarme,Canary Islands ,weight (metals),27.7,gr,
002,Adarme,Castille,weight (metals),27.78,gr,
002,Adoulie,Bombay,dry capacity,0.20833,bu,
002,Ady,Malabar,length,0.29047,yd,
002,Agastera,Cerigo,liquid capacity,0.30131,gal,
002,Agito,Pegu,weight,0.848214,lb,
002,Aguirages,Guinea,weight (metals),62.04,gr,
002,Ahm,Aix La Chappelle,liquid capacity,36.08777,gal,
002,Ahm,Hamburg,liquid capacity,38.1473,gal,
002,Ahm,Hanover,liquid capacity,41.4395,gal,
002,Ahm,Leipsic,liquid capacity,40.07686,gal,
002,Ahm,Lubec,liquid capacity,39.57385,gal,
002,Akena,Ancient Greeks,superficial,0.0023,ac,
002,Akey,Guinea,weight (metals),20.03,gr,
002,Akker,Amsterdam,superficial,2.0318,ac,
002,Ako,Hungary,liquid capacity,18.4951,gal,
002,Album,Copenhagen,superficial,0.0568,ac,
002,Alen,Copenhagen,length,0.68647,yd,
002,Alen,Iceland,length,0.62417,yd,
002,Almud,Turkey,liquid capacity,1.38086,gal,
002,Almude,Canary Islands ,dry capacity,0.14807,bu,
002,Almude,Canary Islands ,superficial,0.0416,ac,
002,Almude,Lison,liquid capacity,4.36973,gal,
002,Aln,Stockholm,length,0.64763,yd,
002,Alqueire,Lisbon,liquid capacity,2.18475,gal,
002,Alqueire,Oporto,liquid capacity,3.31279,gal,
002,Atting,Sweden,liquid capacity,4.14495,gal,
003,Alqueire,Bahia,dry capacity,0.86326,bu,
003,Alqueire,Lisbon,dry capacity,0.38367,bu,
003,Alqueire,Maranham,dry capacity,1.28905,bu,
003,Alqueire,Rio Janeiro,dry capacity,1.13512,bu,
003,Am,Stockholm,liquid capacity,41.46537,gal,
003,Ame,Copenhagen,liquid capacity,39.55637,gal,
003,Ammah Sanctuary,Ancient Hebrews,length,0.57359,yd,
003,Ammah Talmudic,Ancient Hebrews,length,0.47799,yd,
003,Amphora,Ancient Romans,liquid capacity,6.841,gal,
003,Amphoreus,Ancient Greeks,liquid capacity,10.2615,gal,
003,Amula,Genoa,liquid capacity,0.21746,gal,
003,Anfora,Venice,liquid capacity,136.94988,gal,
003,Angula,Ancient Hindoos,length,1.0499,in,
003,Angula,Calcutta,length,0.75,in,
003,Ankare,Stockholm,liquid capacity,10.36634,gal,
003,Anker,Amsterdam,liquid capacity,10.2501,gal,
003,Anker,Bremen,liquid capacity,9.57413,gal,
003,Anker,Brunswic,liquid capacity,9.88004,gal,
003,Anker,Copenhagen,liquid capacity,9.88157,gal,
003,Anker,Hamburg,liquid capacity,9.53683,gal,
003,Anker,Hanover,liquid capacity,10.35988,gal,
003,Anker,Lippe,liquid capacity,9.81622,gal,
003,Anker,Lubec,liquid capacity,9.89346,gal,
003,Anker,Mecklenburg,liquid capacity,9.56853,gal,
003,Anker,Rotterdam,liquid capacity,10.13915,gal,
003,Anker New Measure,Berlin,liquid capacity,9.07319,gal,
003,Anker Old Measure,Berlin,liquid capacity,12.45491,gal,
003,Anna,Sindh,weight,0.058333,lb,
003,Anna _ Gold & Silver,Calcutta,weight (metals),14.04,gr,
003,Anna _ Pearls,Bombay,weight (metals),0.19,gr,
003,Anthal,Hungary,liquid capacity,13.35235,gal,
003,Arancada,Spain,superficial,0.9556,ac,
003,Archin Arisch,Persia,length,1.06334,yd,
003,Archin Schah,Persia,length,0.87377,yd,
003,Archine,Russia,length,0.77803,yd,
003,Ardeb,Cairo,dry capacity,5.16484,bu,
003,Ardeb,Gondar,dry capacity,0.11465,bu,
003,Ardeb,Massouah,dry capacity,0.33333,bu,
003,Are,France,superficial,0.0247,ac,
003,Arepenna,Ancient Gauls,superficial,0.3115,ac,
003,Arienzo,Spain,weight (metals),27.78,gr,
003,Arn,Dantzic,length,0.6275,yd,
004,Aroura,Ancient Greeks,superficial,0.0587,ac,
004,Arpent,Auch,superficial,3.785,ac,
004,Arpent,Bayonne,superficial,1.0345,ac,
004,Arpent,Geneva,superficial,1.2766,ac,
004,Arpent,Strasburg,superficial,0.4967,ac,
004,Arpent,Tours,superficial,1.6289,ac,
004,Arpent,Troyes,superficial,1.0425,ac,
004,Arpent Large,Toulouse,superficial,2.8108,ac,
004,Arpent Legal,France,superficial,1.262,ac,
004,Arpent Of Paris,France,superficial,0.8449,ac,
004,Arpent Ordinary,France,superficial,1.0457,ac,
004,Arpent Small,Toulouse,superficial,1.4054,ac,
004,Arratel,Portugal,weight,1.01186,lb,
004,Arroba,Alicant,weight,27.434619,lb,
004,Arroba,Aragon,liquid capacity,3.57961,gal,
004,Arroba,Aragon,weight,27.434619,lb,
004,Arroba,Balearic Isles,weight,22.875,lb,
004,Arroba,Barcelona,weight,21.8205,lb,
004,Arroba,Canary Islands ,liquid capacity,4.25,gal,
004,Arroba,Galicia,weight,31.753031,lb,
004,Arroba,Havana,liquid capacity,4.1,gal,
004,Arroba,Mulaga,liquid capacity,4.18722,gal,
004,Arroba,Portugal,weight,32.515104,lb,
004,Arroba,Spain,weight,25.402425,lb,
004,Arroba,Valencia,liquid capacity,3.57961,gal,
004,Arroba,Valencia,weight,27.434619,lb,
004,Arroba,Valparaiso,liquid capacity,9.90667,gal,
004,Arroba _ Flour,Valencia,weight,24.386328,lb,
004,Arroba _ Oil,Alicant,liquid capacity,3.64037,gal,
004,Arroba _ Oil,Spain,liquid capacity,3.31853,gal,
004,Arroba _ Oil,Valencia,weight,22.862183,lb,
004,Arroba _ Vermillion,Alicant,weight,24.386328,lb,
004,Arroba _ Wine,Alicant,liquid capacity,3.03805,gal,
004,Arroba _ Wine,Barcelona,liquid capacity,2.72368,gal,
004,Arroba _ Wine,Spain,liquid capacity,4.26304,gal,
004,Arrobeta _ Oil,Aragon,liquid capacity,2.38553,gal,
004,Artaba,Ancient Arabs,weight,145.5,lb,
004,Artaba,Ancient Egyptians,dry capacity,1.1023,bu,
004,Artaba,Ancient Persians,dry capacity,1.56159,bu,
004,As,Ancient Romans,weight,0.721897,lb,
004,As Or Ass,Amsterdam,weight (metals),0.74,gr,
004,As Or Ass,Baden,weight (metals),0.77,gr,
005,As Or Ass,Cologne,weight (metals),0.9,gr,
005,As Or Ass,Stockholm,weight (metals),0.74,gr,
005,As Or Ass,Zurich,weight (metals),0.83,gr,
005,As Or Es,Copenhagen,weight (metals),0.89,gr,
005,Asnee,Lyons,dry capacity,5.8366,bu,
005,Asnee,Macon,dry capacity,7.26767,bu,
005,Asnee _ Wine,Lyons,liquid capacity,21.65099,gal,
005,Asparez Great,Ancient Armenians,itinerary,0.1918,mi,
005,Asparez Small,Ancient Armenians,itinerary,0.1342,mi,
005,Atomo,Milan,length,0.0134,in,
005,Atomo,Parma,length,0.0124,in,
005,Atomo,Turin,length,0.0117,in,
005,Aulos Or Stadium,Ancient Greeks,itinerary,0.1149,mi,
005,Aune,Lucerne,length,0.68647,yd,
005,Aune,Mechlin,length,0.7535,yd,
005,Aune,Rochelle,length,1.29972,yd,
005,Aune After 1823,Lausanne,length,1.31236,yd,
005,Aune Before 1823,Lausanne,length,1.17678,yd,
005,Aune Of Barant,Brussels,length,0.76106,yd,
005,Aune Of Paris,Lorraine,length,1.29972,yd,
005,Aune Old Measure,Avignon,length,1.27644,yd,
005,Aune Old Measure,Burgundy,length,0.88397,yd,
005,Aune Old Measure,Cambray,length,0.78353,yd,
005,Aune Old Measure,France,length,1.29972,yd,
005,Aune Old Measure,Lorraine,length,0.69939,yd,
005,Aune Old Measure,Lyons,length,1.22855,yd,
005,Aune Old Measure,Morlaix,length,1.47333,yd,
005,Aune Old Measure,Picardy,length,0.87492,yd,
005,Aune Old Measure,Rennes,length,1.51386,yd,
005,Aune Old Measure,S. Malo,length,1.47333,yd,
005,Aune Old Measure,S. Omer,length,0.78894,yd,
005,Aune Retail,Geneva,length,1.25081,yd,
005,Aune Usual ,French West Indies,length,1.30264,yd,
005,Aune Usual ,Lyons,length,1.31236,yd,
005,Aune Usual Till 1837,France,length,1.31236,yd,
005,Aune Wholesale,Geneva,length,1.29972,yd,
005,Ayminate,Perpignan,superficial,1.4641,ac,
005,Azumbre,Asturias,liquid capacity,0.59704,gal,
005,Azumbre,Castille,liquid capacity,0.50986,gal,
005,Azumbre,Valencia,liquid capacity,0.77827,gal,
006,Bachel,Patras,dry capacity,0.84945,bu,
006,Bacile,Cephalonia,dry capacity,1.39996,bu,
006,Bacile,Ionian Isles,superficial,0.2987,ac,
006,Bacile,Ithaca,dry capacity,0.99999,bu,
006,Bacile,Zante,dry capacity,1.27912,bu,
006,Bacino,Corsica,dry capacity,0.35413,bu,
006,Bahar,Amboyna,weight,597.607,lb,
006,Bahar,Bantam,weight,396,lb,
006,Bahar,Goa,weight,495,lb,
006,Bahar,Jidda,weight,183.007813,lb,
006,Bahar,Malacca,weight,405,lb,
006,Bahar,Mocha,weight,450,lb,
006,Bahar _ Pepper,Bantam,weight,406.7775,lb,
006,Bahar Dutch,Ceylon,weight,520.6752,lb,
006,Bahar English,Ceylon,weight,500,lb,
006,Bahar Great,Batavia,weight,610.16625,lb,
006,Bahar Great,Bet-El-Faki,weight,815.625,lb,
006,Baille _ Coal,Rochelle,dry capacity,2.025,bu,
006,Balde _ Coal,Lisbon,dry capacity,12.7,bu,
006,Bale _ Coffee,Bet-El-Faki,weight,285.5,lb,
006,Bale _ Cotton,Alabama,weight,500,lb,
006,Bale _ Cotton,Georgia,weight,375,lb,
006,Bale _ Cotton,Louisiana,weight,500,lb,
006,Bale _ Cotton,Mississippi,weight,500,lb,
006,Bale _ Cotton,South Carolina,weight,362.5,lb,
006,Bambou,Bantam,dry capacity,0.09223,bu,
006,Bambou,Madagascar,dry capacity,0.05676,bu,
006,Bambou,Pegu,length,4.20833,yd,
006,Bambou Of Akbar,Ancient Hindoos,length,13.99667,yd,
006,Baral,Toulouse,liquid capacity,13.57875,gal,
006,Baral _ Oil,Montpellier,liquid capacity,9.8512,gal,
006,Baral _ Wine,South Of France,liquid capacity,6.67049,gal,
006,Barcella,Alicant,dry capacity,0.5826,bu,
006,Barcella,Balearic Isles,dry capacity,0.3411,bu,
006,Barchilla,Benicarlo,dry capacity,0.47297,bu,
006,Barchilla,Valencia,dry capacity,0.48526,bu,
006,Barile ,Ancona,liquid capacity,11.34909,gal,
006,Barile ,Corsica,liquid capacity,36.98492,gal,
006,Barile _ Oil,Cerigo,liquid capacity,14.40298,gal,
006,Barile _ Oil,Florence,liquid capacity,9.63384,gal,
006,Barile _ Wine,Florence,liquid capacity,12.04229,gal,
006,Barile _ Wine,Genoa,liquid capacity,18.60861,gal,
007,Barile ,Ionian Isles,liquid capacity,17.99845,gal,
007,Barile ,Malta,liquid capacity,11,gal,
007,Barile ,Modena,liquid capacity,11.00566,gal,
007,Barile ,Naples,liquid capacity,11.57321,gal,
007,Barile ,Palermo,liquid capacity,9.43644,gal,
007,Barile ,Patras,liquid capacity,13.53912,gal,
007,Barile ,Ragusa,liquid capacity,20.36151,gal,
007,Barile ,Sardinia,liquid capacity,8.87638,gal,
007,Barile ,Zante,liquid capacity,17.62596,gal,
007,Barile _ Brandy Rum,Leghorn,liquid capacity,11,gal,
007,Barile _ Fish,Leghorn,weight,74.850821,lb,
007,Barile _ Oil,Genoa,liquid capacity,17.08351,gal,
007,Barile _ Oil,Pisa,liquid capacity,9.63384,gal,
007,Barile _ Oil,Rome,liquid capacity,15.1851,gal,
007,Barile _ Salt,Cephalonia,weight,67.244478,lb,
007,Barile _ Wine,Leghorn,liquid capacity,12.04123,gal,
007,Barile _ Wine,Pisa,liquid capacity,12.04229,gal,
007,Barile _ Wine,Rome,liquid capacity,15.4125,gal,
007,Barley-Corn Imaginary,England,length,0.33,in,
007,Barrel _ Corn,Maryland,dry capacity,5,bu,
007,Barrel _ Fish,Maryland,weight,220,lb,
007,Barrel _ Flour,Maryland,weight,196,lb,
007,Barrel _ Lamp Oil,Cincinnati,liquid capacity,43,gal,
007,Barrel _ Lime,Maryland,weight,320,lb,
007,Barrel _ Salted Provisions,Maryland,liquid capacity,31.9,gal,
007,Barrel _ Wine & Brandy,Great Britain,liquid capacity,31.5,gal,
007,Barrel Ale,Great Britain,liquid capacity,36,gal,
007,Barrel Barcelona Wine,London,liquid capacity,30,gal,
007,Barrel Beer Before 1803,Great Britain,liquid capacity,32,gal,
007,Barrel Brandy,United States,liquid capacity,31.5,gal,
007,Barrel Claret,London,liquid capacity,29,gal,
007,Barrel Lisbon,London,liquid capacity,35,gal,
007,Barrel Madeira,London,liquid capacity,27.5,gal,
007,Barrel Port,London,liquid capacity,34.5,gal,
007,Barrel Sherry,London,liquid capacity,32.5,gal,
007,Barril,Tripoli,liquid capacity,17.11873,gal,
007,Barril ,Lisbon,liquid capacity,78.65514,gal,
007,Barril ,Minorca,liquid capacity,8.34375,gal,
007,Barril _ Honey,Havana,liquid capacity,6,gal,
007,Barril _ Raisins,Malaga,weight,50.6,lb,
007,Baruay,Madras,weight,499.97136,lb,
007,Baruay,Mysore,weight,485.485114,lb,
008,Bath,Ancient Hebrews,liquid capacity,10.2615,gal,
008,Batman,Aleppo,weight,16.88093,lb,
008,Batman,Constantinople,weight,19.131937,lb,
008,Batman,Shiraz,weight,10.123687,lb,
008,Batman,Smyra,weight,16.87493,lb,
008,Batman,Tauris,weight,5.016849,lb,
008,Batzendingli,Solothurn,dry capacity,0.02349,bu,
008,Bau,Oldenburg,superficial,0.3572,ac,
008,Becher,Basel,dry capacity,0.06059,bu,
008,Becher,Berne,liquid capacity,0.05521,gal,
008,Becher,Brunswic,dry capacity,0.05417,bu,
008,Becher,Carlsruhe,dry capacity,0.00426,bu,
008,Becher,Lucerne,dry capacity,0.06164,bu,
008,Becher,Unterwalden,dry capacity,0.06164,bu,
008,Becher,Vienna,dry capacity,0.01363,bu,
008,Becher,Zurich,liquid capacity,0.18162,gal,
008,Becherlein,Lausanne,liquid capacity,0.03566,gal,
008,Beczka,Poland,liquid capacity,36.07086,gal,
008,Beczka Since 1819,Poland,liquid capacity,26.4178,gal,
008,Bedoor,Malacca,weight,2.71185,lb,
008,Beka,Ancient Hebrews,weight,0.016043,lb,
008,Bema Aploon,Ancient Greeks,length,0.84286,yd,
008,Bema Diploon,Ancient Greeks,length,1.68572,yd,
008,Benda,Guinea,weight,0.141356,lb,
008,Benda-Offs,Guinea,weight,0.070678,lb,
008,Bener _ Milk,Graubudten,liquid capacity,0.70447,gal,
008,Berkowitz,Narva,weight,412.758814,lb,
008,Berkowitz,Riga,weight,368.676121,lb,
008,Berkowitz,St. Peterburg,weight,360.6764,lb,
008,Berri,Constantinople,itinerary,1.0358,mi,
008,Bes Or Bessis,Ancient Romans,dry capacity,0.01021,bu,
008,Bes Or Bessis,Ancient Romans,length,7.7653,in,
008,Bes Or Bessis,Ancient Romans,liquid capacity,0.57008,gal,
008,Bes Or Bessis,Ancient Romans,superficial,0.4153,ac,
008,Bes Or Bessis,Ancient Romans,weight,0.481265,lb,
008,Beson,Augsburg,liquid capacity,2.48693,gal,
008,Bhaur,Surat,weight,900,lb,
008,Bicheree,Lyons,superficial,0.3196,ac,
008,Bichet,Beaune,dry capacity,6.64045,bu,
008,Bichet,Choiseul,dry capacity,1.53241,bu,
008,Bichet,Friburg,dry capacity,0.45311,bu,
008,Bichet,Geneva,dry capacity,1.10192,bu,
009,Bichet,Lorraine,dry capacity,2.21348,bu,
009,Bichet,Lyons,dry capacity,1.13427,bu,
009,Bichet,Strasburg,dry capacity,0.42567,bu,
009,Bichet,Tournus,dry capacity,7.0945,bu,
009,Bichet,Verdun,dry capacity,5.56209,bu,
009,Bicongius,Ancient Romans,liquid capacity,1.71025,gal,
009,Biggah,Calcutta,superficial,0.3306,ac,
009,Biggah,Malwah,superficial,0.45,ac,
009,Biggah,Malwah,superficial,0.5119,ac,
009,Biggah,Malwah,superficial,0.5877,ac,
009,Biggah,Sural,superficial,0.6074,ac,
009,Biguncia,Milan,liquid capacity,34.23747,gal,
009,Biguncia,Venice,liquid capacity,34.23747,gal,
009,Binh,An-Nam,weight,68.876,lb,
009,Biolca,Bologna,superficial,0.6997,ac,
009,Biolca,Ferrara,superficial,1.6122,ac,
009,Biolca,Modena,superficial,0.7009,ac,
009,Biolca,Parma,superficial,0.7531,ac,
009,Bisaccia,Sicily,dry capacity,1.94418,bu,
009,Bismerpund,Copenhagen,weight,13.21062,lb,
009,Bismerpund,Norway,weight,13.2,lb,
009,Boccale,Ancona,liquid capacity,0.47288,gal,
009,Boccale,Bologna,liquid capacity,0.34603,gal,
009,Boccale,Corsica,liquid capacity,0.34237,gal,
009,Boccale,Ferrara,liquid capacity,0.36589,gal,
009,Boccale,Ionian Isles,liquid capacity,0.25018,gal,
009,Boccale,Leghorn,liquid capacity,0.3009,gal,
009,Boccale,Milan,liquid capacity,0.20791,gal,
009,Boccale,Modena,liquid capacity,0.37514,gal,
009,Boccale,Patras,liquid capacity,0.56413,gal,
009,Boccale,Turin,liquid capacity,0.2067,gal,
009,Boccale,Venice,liquid capacity,0.26735,gal,
009,Boccale _ Oil,Florence,liquid capacity,0.27607,gal,
009,Boccale _ Oil,Leghorn,liquid capacity,0.27607,gal,
009,Boccale _ Oil,Rome,liquid capacity,0.54233,gal,
009,Boccale _ Wine,Florence,liquid capacity,0.3009,gal,
009,Boccale _ Wine,Rome,liquid capacity,0.48164,gal,
009,Bocoy,Havana,liquid capacity,36,gal,
009,Boisseau Old Measure,Amboise,dry capacity,0.31244,bu,
009,Boisseau Old Measure,Avignon,dry capacity,2.65789,bu,
009,Boisseau Old Measure,Bordeaux,dry capacity,2.21491,bu,
009,Boisseau Old Measure,Brest,dry capacity,2.03034,bu,
010,Boisseau ,Alais,superficial,0.0308,ac,
010,Boisseau ,Cahors,superficial,0.0788,ac,
010,Boisseau ,Montpellier,superficial,0.0219,ac,
010,Boisseau _ Oats,Troyes,dry capacity,0.68107,bu,
010,Boisseau _ Salt,Rochelle,dry capacity,1.4189,bu,
010,"Boisseau _ Wheat, Old Measure",Rochelle,dry capacity,0.95918,bu,
010,Boisseau From 1812 To 1840,Lyons,dry capacity,1.13427,bu,
010,Boisseau Old Measure,Chalais,dry capacity,0.92288,bu,
010,Boisseau Old Measure,France,dry capacity,0.35473,bu,
010,Boisseau Old Measure,Montreuil,dry capacity,0.2461,bu,
010,Boisseau Old Measure,Nantes,dry capacity,0.25824,bu,
010,Boisseau Old Measure,Paris,dry capacity,0.36915,bu,
010,Boisseau Old Measure,Rouen,dry capacity,0.64602,bu,
010,Boisseau Present Measure,Nantes,dry capacity,0.35473,bu,
010,Boisseau Till 1840,Paris,dry capacity,0.35476,bu,
010,Boisselec,Poitiers,superficial,0.1877,ac,
010,Boisselec,Poitiers,superficial,0.2443,ac,
010,Boll _ Barley,Scotland,dry capacity,5.96258,bu,
010,Boll _ Wheat,Scotland,dry capacity,4.08727,bu,
010,Bonnier,Antwerp,superficial,3.2507,ac,
010,Bonnier,Brussels E,superficial,2.2571,ac,
010,Bonnier,Brussels W,superficial,2.0042,ac,
010,Bonnier,Courtray,superficial,3.5025,ac,
010,Bonnier,Liege,superficial,2.1536,ac,
010,Bonnier,Mechlin,superficial,3.0542,ac,
010,Bonnier,Venloo,superficial,2.3585,ac,
010,Bonnier Woodland,Liege,superficial,2.3365,ac,
010,Borrel,Travancore,length,1.211,in,
010,Bosse,Neufchatel,liquid capacity,241.47474,gal,
010,Bota ,Portugal,liquid capacity,113.63088,gal,
010,Bota ,Xeres,liquid capacity,120,gal,
010,Bota _ Oil,Spain,liquid capacity,127.79082,gal,
010,Bota _ Wine,Spain,liquid capacity,127.89121,gal,
010,Botschka,Russia,liquid capacity,129.95973,gal,
010,Botta,Messina,liquid capacity,108,gal,
010,Botta,Milan,liquid capacity,171.18735,gal,
010,Botta,Minorca,liquid capacity,133.5,gal,
010,Botta,Naples,liquid capacity,128.87852,gal,
010,Botta,Palermo,liquid capacity,113.23728,gal,
010,Botta,Rome,liquid capacity,246.6,gal,
010,Botta,Sardinia,liquid capacity,132.089,gal,
010,Botta,Venice,liquid capacity,171.18735,gal,
011,Bottle _ Malt Liquor,United States,liquid capacity,0.2,gal,
011,Bottle _ Wine,United States,liquid capacity,0.1875,gal,
011,Bozia,Cerigo,liquid capacity,0.60021,gal,
011,Bozza,Milan,liquid capacity,0.71328,gal,
011,Bozza,Padua,liquid capacity,0.26162,gal,
011,Bozza,Venice,liquid capacity,0.71328,gal,
011,Bozza,Vicenza,liquid capacity,0.25065,gal,
011,Braca,Brazil,liquid capacity,2.37756,gal,
011,Braca,Lisbon,length,2.39057,yd,
011,Braca,Portugal,length,1.80449,yd,
011,Braccio,Ancona,length,0.7037,yd,
011,Braccio,Basel,length,0.59505,yd,
011,Braccio,Bergamo,length,0.71759,yd,
011,Braccio,Bologna,length,0.70561,yd,
011,Braccio,Cremona,length,0.65061,yd,
011,Braccio,Florence,length,0.63762,yd,
011,Braccio,Genoa,length,0.63564,yd,
011,Braccio,Leghorn,length,0.63825,yd,
011,Braccio,Lodi,length,0.49883,yd,
011,Braccio,Lucca,length,0.65082,yd,
011,Braccio,Modena,length,0.6317,yd,
011,Braccio,Naples,length,0.76411,yd,
011,Braccio,Placentia,length,0.73819,yd,
011,Braccio,Reggio,length,0.57941,yd,
011,Braccio _ Linens,Sienna,length,0.65647,yd,
011,Braccio _ Silk,Brescia,length,0.69992,yd,
011,Braccio _ Silk,Ferrara,length,0.69378,yd,
011,Braccio _ Silk,Ionian Isles,length,0.70483,yd,
011,Braccio _ Silk,Parma,length,0.64306,yd,
011,Braccio _ Silk,Treviso,length,0.69336,yd,
011,Braccio _ Woolens,Brescia,length,0.73711,yd,
011,Braccio _ Woolens,Ferrara,length,0.73667,yd,
011,Braccio _ Woolens,Ionian Isles,length,0.75517,yd,
011,Braccio _ Woolens,Parma,length,0.69992,yd,
011,Braccio _ Woolens,Sienna,length,0.41297,yd,
011,Braccio _ Woolens,Treviso,length,0.73931,yd,
011,Braccio Di Legno Surveying,Parma,length,0.59289,yd,
011,Braccio Di Panno Woolens,Pisa,length,0.63825,yd,
011,Braccio Merchants,Rome,length,0.92742,yd,
011,Braccio New Measure 1803,Milan,length,1.09363,yd,
011,Braccio Old Measure,Milan,length,0.64142,yd,
011,Braccio Weavers,Rome,length,0.69556,yd,
012,Braccio _ Silk,Venice,length,0.6985,yd,
012,Braccio _ Woolens,Venice,length,0.74729,yd,
012,Braccio Quadrato,Florence,superficial,0.0008,ac,
012,Braccio Quadrato,Parma,superficial,0.00007,ac,
012,Brande,Neufchatel,liquid capacity,10.06145,gal,
012,Braza,Alicant,length,1.97947,yd,
012,Braza,Spain,length,1.82636,yd,
012,Braza Cuadrada,Canary ,superficial,0.0008,ac,
012,Braza Cuadrada,Spain,superficial,0.00076,ac,
012,Braza Cuadrada,Valencia,superficial,0.001,ac,
012,Braza Marine,Spain,length,1.82636,yd,
012,Braza Or Brazada,Canary ,length,1.99461,yd,
012,Braza Reale,Valencia,length,2.23183,yd,
012,Brazetto,Tessino,length,0.43417,yd,
012,Brent _ Plaster,Berne,dry capacity,1.52078,bu,
012,Brenta,Bergamo,liquid capacity,18.98383,gal,
012,Brenta,Cremona,liquid capacity,38.83417,gal,
012,Brenta,Milan,liquid capacity,19.95917,gal,
012,Brenta,Parma,liquid capacity,19.02082,gal,
012,Brenta,Placentia,liquid capacity,20.07753,gal,
012,Brenta,Tessino,liquid capacity,11.70837,gal,
012,Brenta,Turin,liquid capacity,14.8822,gal,
012,Brenta,Verona,liquid capacity,18.62455,gal,
012,Brente,Aarau,liquid capacity,17.6603,gal,
012,Brente,Berne,liquid capacity,11.03736,gal,
012,Brente,Friburg,liquid capacity,10.31615,gal,
012,Brente,Solothurn,liquid capacity,10.52868,gal,
012,Broc,Lausanne,liquid capacity,3.5664,gal,
012,Brochet,Neufchatel,liquid capacity,4.02458,gal,
012,Bucket _ Chalk,England,dry capacity,1.5466,bu,
012,Bullah _ Grain,Mysore,weight,4.2264,lb,
012,Buncal _ Gold,Malacca,weight,0.102457,lb,
012,Buncal _ Gold,Singapore,weight,0.118857,lb,
012,Buncal _ Gold,Sumatra,weight,0.105857,lb,
012,Bunder,Holland,superficial,2.4711,ac,
012,Bushel Imperial,England,dry capacity,1.03152,bu,
012,Bushel Old Measure ,Ireland,dry capacity,1.0119,bu,
012,Bushel Old Measure _ Coal,England,dry capacity,1.0313,bu,
012,Bushel Old Measure _ Coal Heaped,England,dry capacity,1.309,bu,
012,Bushel Old Measure _ Coal Heaped,Ireland,dry capacity,1.26603,bu,
012,Bushel Old Measure Winter,England,dry capacity,1,bu,
012,Bushel Standard,United States,dry capacity,1,bu,
013,Bushel Apples Dried,Philadelphia,weight,22,lb,
013,Bushel Barley,London,weight,47,lb,
013,Bushel Barley,Ohio,weight,48,lb,
013,Bushel Barley,Philadelphia,weight,48,lb,
013,Bushel Beans,London,weight,63,lb,
013,Bushel Beans,Philadelphia,weight,60,lb,
013,Bushel Blue-Grass Seed,Philadelphia,weight,14,lb,
013,Bushel Bran,Philadelphia,weight,20,lb,
013,Bushel Buckwheat,Philadelphia,weight,52,lb,
013,Bushel Castor-Beans,Philadelphia,weight,56,lb,
013,Bushel Clover Seed,London,weight,68,lb,
013,Bushel Clover Seed,Ohio,weight,64,lb,
013,Bushel Flax Seed,Ohio,weight,56,lb,
013,Bushel Flax Seed,Philadelphia,weight,56,lb,
013,Bushel Ground Salt,London,weight,56,lb,
013,Bushel Maize Or Indian Corn,Ohio,weight,56,lb,
013,Bushel Maize Or Indian Corn,Philadelphia,weight,56,lb,
013,Bushel Oats,London,weight,38,lb,
013,Bushel Oats,Ohio,weight,32,lb,
013,Bushel Oats,Philadelphia,weight,24,lb,
013,Bushel Onions,Philadelphia,weight,57,lb,
013,Bushel Peaches Dried,Philadelphia,weight,33,lb,
013,Bushel Peas,London,weight,64,lb,
013,Bushel Potatoes,Philadelphia,weight,60,lb,
013,Bushel Rape-Seed,London,weight,48,lb,
013,Bushel Rock Salt,London,weight,56,lb,
013,Bushel Rye,London,weight,53,lb,
013,Bushel Rye,Ohio,weight,56,lb,
013,Bushel Rye,Philadelphia,weight,56,lb,
013,Bushel Wheat,London,weight,60,lb,
013,Bushel Wheat,Maryland,weight,60,lb,
013,Bushel Wheat,Ohio,weight,60,lb,
013,Bushel Wheat,Philadelphia,weight,60,lb,
013,Busuck Gold,Borneo,weight (metals),4.8,gr,
013,Butt Mountain,London,liquid capacity,120,gal,
013,Butt Of Beer Or Porter,London,liquid capacity,131.84416,gal,
013,Butt Sherry,London,liquid capacity,130,gal,
013,Butte _ Coal,Frankfort,dry capacity,3.43941,bu,
013,Butte _ Lime,Frankfort,dry capacity,4.02826,bu,
013,Butte _ Lime,Hesse Darmstadt,dry capacity,4.43406,bu,
013,Butte Coal & Lime,Hesse Cassel,dry capacity,4.33162,bu,
014,Cab Or Kab,Ancient Hebrews,dry capacity,0.06124,bu,
014,Caban Of Cocoa,Manilla,weight,83.5,lb,
014,Caban Of Rice,Manilla,weight,133,lb,
014,Caban Of Rice,Ternate,weight,100.3333,lb,
014,Cable Length Marine,England ,length,240,yd,
014,Cadarp,Tortosa,liquid capacity,0.54421,gal,
014,Cadee,Morocco,length,0.56497,yd,
014,Cado,Santa Maura,dry capacity,1.73082,bu,
014,Caffiso,Algiers,dry capacity,9.00718,bu,
014,Caffiso,Palermo,liquid capacity,3.09062,gal,
014,Caffiso,Tunis,dry capacity,15,bu,
014,Caffiso _ Oil,Malta,liquid capacity,5.49966,gal,
014,Caffiso _ Oil,Messina,liquid capacity,3.09062,gal,
014,Caffiso _ Oil,Trieste,liquid capacity,3.15439,gal,
014,Cahiz,Alicant,dry capacity,6.99149,bu,
014,Cahiz,Aragon,dry capacity,5.12195,bu,
014,Cahiz,Castille,dry capacity,18.66137,bu,
014,Cahiz,Valencia,dry capacity,5.7613,bu,
014,Cahizada,Valencia,superficial,1.0261,ac,
014,Calow,Cracow,length,1.1694,in,
014,Calow Old Measure,Poland,length,0.9771,in,
014,Calow Since 1819,Poland,length,0.9449,in,
014,Calvia,Belluno,dry capacity,0.33983,bu,
014,Campo,Padua,superficial,0.9541,ac,
014,Campo,Rovigo,superficial,1.0996,ac,
014,Campo,Treviso,superficial,1.2855,ac,
014,Campo,Venice,superficial,0.6881,ac,
014,Campo,Verona,superficial,0.7528,ac,
014,Can,An-Nam,weight,1.37752,lb,
014,Cana,Aragon,length,2.26568,yd,
014,Cana,Barcelona,length,1.69732,yd,
014,Cana,Majorca,length,1.71044,yd,
014,Cana,Minorca,length,1.75419,yd,
014,Cana,Tortosa,length,1.74074,yd,
014,Cana _ Cloth,Barcelona,length,0.84866,yd,
014,Canada,Bahia,liquid capacity,1.87272,gal,
014,Canada,Lisbon,liquid capacity,0.36414,gal,
014,Canada,Rio Janeiro,liquid capacity,0.36414,gal,
014,Canado,Galicia,liquid capacity,10.42182,gal,
014,Canan,Siam,liquid capacity,0.62874,gal,
014,Candaca,Mysore,dry capacity,11.13333,bu,
014,Candil,Sumatra,weight,423.43,lb,
015,Candy,Ahmednuggur,weight,1577.14,lb,
015,Candy,Bombay,weight,559.968,lb,
015,Candy,Madras,liquid capacity,74.46464,gal,
015,Candy,Madras,weight,499.97136,lb,
015,Candy,Malabar,weight,695.54,lb,
015,Candy,Mysore,weight,485.485714,lb,
015,Candy,Pondichery,weight,588.0386,lb,
015,Candy,Seringapatam,dry capacity,11.15199,bu,
015,Candy,Seringapatam,weight,485.49,lb,
015,Candy,Surat,weight,340.16,lb,
015,Candy _ Grain,Bombay,dry capacity,25,bu,
015,Candy _ Pepper,Travancore,weight,500.54,lb,
015,Candy Legal,Bangalore,weight,483.02,lb,
015,Candy Old Measure,Ceylon,weight,520.67,lb,
015,Candy Ordinary,Bangalore,weight,500,lb,
015,Candy Since English Rule,Ceylon,weight,500,lb,
015,Canette Average,Belgium,liquid capacity,0.26169,gal,
015,Canna ,Genoa,length,2.45177,yd,
015,Canna ,Leghorn,length,2.55279,yd,
015,Canna ,Malta,length,2.48123,yd,
015,Canna ,Messina,length,2.3114,yd,
015,Canna ,Naples,length,2.30686,yd,
015,Canna ,Palermo,length,2.06951,yd,
015,Canna ,Pisa,length,3.19011,yd,
015,Canna ,Sardinia,length,2.87078,yd,
015,Canna _ Cloth,Lucca,length,2.64658,yd,
015,Canna _ Silk,Lucca,length,2.59408,yd,
015,Canna Architect & Surveyors,Florence,length,3.19122,yd,
015,Canna Architect & Surveyors,Rome,length,2.44344,yd,
015,Canna Commercial,Rome,length,2.17853,yd,
015,Canna Surveyors,Genoa,length,3.26902,yd,
015,Canna Woodland,Carrara,length,0.68308,yd,
015,Canna Woodland,Florence,length,2.55048,yd,
015,Canne,Aix,length,2.17488,yd,
015,Canne,Arles,length,2.2389,yd,
015,Canne,Carcassonne,length,1.9518,yd,
015,Canne,Dauphiny,length,2.21286,yd,
015,Canne,Marseilles,length,2.20117,yd,
015,Canne,Montpellier,length,2.1735,yd,
015,Canne,Toulousse,length,1.96417,yd,
015,Canne Of France,Piedmont,length,2.18727,yd,
015,Cantara Minimum,Spain ,liquid capacity,1.9919,gal,
016,Cantara Maximum,Spain,liquid capacity,4.87144,gal,
016,Cantara Mean Of 21,Spain,liquid capacity,3.37528,gal,
016,Cantarello,Sardinia,weight,93.21,lb,
016,Cantaro,Aleppo,weight,506.428,lb,
016,Cantaro,Balearic Isles,weight,91.73,lb,
016,Cantaro,Cairo,weight,95.0312,lb,
016,Cantaro,Candia,weight,116.57,lb,
016,Cantaro,Constantinople,weight,140.30084,lb,
016,Cantaro,Damascus,weight,395.48,lb,
016,Cantaro,Florence,weight,112.3,lb,
016,Cantaro,Greece,weight,148.34,lb,
016,Cantaro,Ionian Isles,weight,118.8,lb,
016,Cantaro,Leghorn,weight,112.3,lb,
016,Cantaro,Leghorn,weight,119.78,lb,
016,Cantaro,Minorca,weight,88.2,lb,
016,Cantaro,Morea,weight,123.71,lb,
016,Cantaro,Morocco,weight,118.66,lb,
016,Cantaro,Patras,weight,116.31,lb,
016,Cantaro,Rome,weight,74.756,lb,
016,Cantaro,Rome,weight,119.6096,lb,
016,Cantaro,Rome,weight,186.89,lb,
016,Cantaro,Rome,weight,747.56,lb,
016,Cantaro,Smyra,weight,127.48,lb,
016,Cantaro,Tripoli In Africa,weight,111.20954,lb,
016,Cantaro _ Cotton,Alexandria,weight,95,lb,
016,Cantaro _ Flax,Algiers,weight,240.8,lb,
016,Cantaro _ Wool,Florence,weight,119.78,lb,
016,Cantaro Before 1836,Alexandria,weight,119.05,lb,
016,Cantaro Grosso,Genoa,weight,115.31,lb,
016,Cantaro Grosso,Malta,weight,191.97,lb,
016,Cantaro Grosso,Naples,weight,196.450454,lb,
016,Cantaro Grosso,Palermo,weight,192.55688,lb,
016,Cantaro Legal Since 1836,Florence,weight,74.86,lb,
016,Cantaro Maximum,Algiers,weight,199.87,lb,
016,Cantaro Mean Of 5,Algiers,weight,153.752,lb,
016,Cantaro Minimum,Algiers,weight,120.4,lb,
016,Cantaro Piccole,Naples,weight,106.08,lb,
016,Cantaro Since 1836,Alexandria,weight,95.56,lb,
016,Cantaro Sottile,Genoa,weight,104.83,lb,
016,Cantaro Sottile,Malta,weight,174.5047,lb,
016,Cantaro Sottile,Palermo,weight,175.04,lb,
016,Cantaro Zurlo,Aleppo,weight,154.47054,lb,
017,Cantaro,Tripoli In Syria,weight,480.69,lb,
017,Cantaro,Tunis,weight,109.1547,lb,
017,Capicha,Persia,dry capacity,0.07464,bu,
017,Caracter Apothecary,Spain,weight (metals),3.09,gr,
017,Caraffa,Naples,liquid capacity,0.19289,gal,
017,Caraffa _ Oil,Tripoli In Africa,weight,3.428571,lb,
017,Carara,Leghorn,weight,119.78,lb,
017,Carat,United States,weight (metals),3.2,gr,
017,Carat Diamonds,London,weight (metals),3.17,gr,
017,Carat Pearls,London,weight (metals),3.2,gr,
017,Carat Precious Stones,France,weight (metals),3.18,gr,
017,Carat Precious Stones,Madras,weight (metals),3.2,gr,
017,Carato,Bologna,weight (metals),2.91,gr,
017,Carato,Florence,weight (metals),3.03,gr,
017,Carato,Turin,weight (metals),3.3,gr,
017,Carato Peso Sottile,Venice,weight (metals),2.7,gr,
017,Carato Precious Stones,Ragusa,weight (metals),3.19,gr,
017,Carato Precious Stones,Venice,weight (metals),3.2,gr,
017,Carga,Alicant,weight,282.57,lb,
017,Carga,Aragon,weight,333.18,lb,
017,Carga,Balearic Isles,weight,275.18,lb,
017,Carga,Barcelona,dry capacity,5.11818,bu,
017,Carga,Candia,dry capacity,4.32311,bu,
017,Carga,Valencia,weight,338.44,lb,
017,Carga _ Oil,Barcelona,liquid capacity,32.65244,gal,
017,Carga _ Raisins,Malaga,weight,177.5,lb,
017,Carga _ Wine,Barcelona,liquid capacity,31.84934,gal,
017,Carga _ Wine,Majorca,liquid capacity,28.67124,gal,
017,Carga _ Wine,Minorca,liquid capacity,33.31817,gal,
017,Carga _ Wine,Valencia,liquid capacity,46.69082,gal,
017,Carga Mean,Aragon,liquid capacity,42.93686,gal,
017,Carga Or Carica _ Oats,Milan,dry capacity,4.66879,bu,
017,Carica,Venice,weight,266.35424,lb,
017,Cariolla _ Salt,Santa Maura,weight,104.13,lb,
017,Carrata _ Marble,Carrara,solid,12.768,ft3,
017,Carrata _ Marble,Carrara,weight,2240,lb,
017,Carre,French West Indies,superficial,3.1909,ac,
017,Carre Or Carse,Briare,dry capacity,0.40524,bu,
017,Carreau _ Stone,Paris,solid,3.632,ft3,
017,Carro,Naples,dry capacity,56.32579,bu,
017,Carro,Naples,liquid capacity,257.75704,gal,
017,Carro,Turin,liquid capacity,148.82202,gal,
018,Carro,Apulia,superficial,9.9707,ac,
018,Carte,Alais,superficial,0.1232,ac,
018,Carte,Cahora,dry capacity,6.85134,bu,
018,Carte,Montpellier,dry capacity,0.36915,bu,
018,Carte,Nancy,dry capacity,1.36101,bu,
018,Cartel Old Measure ,Mezieres,dry capacity,0.55337,bu,
018,Cartel Old Measure ,Rocroi,dry capacity,0.64702,bu,
018,Cartel Old Measure ,Sedan,dry capacity,0.7208,bu,
018,Cartel Old Measure Maximum,Belgium,dry capacity,0.73357,bu,
018,Cartel Old Measure Minimum,Belgium,dry capacity,0.59026,bu,
018,Cartoccio,Rome,liquid capacity,0.0301,gal,
018,Cartonate,Perpignan,superficial,0.366,ac,
018,Cartonnee,Cahors,superficial,0.3154,ac,
018,Casseney,Madras,superficial,1.3223,ac,
018,Castellano _ Gold,South America,weight (metals),71.07,gr,
018,Catena,Apulia,length,20.05833,yd,
018,Catena,Naples,length,17.19283,yd,
018,Catena,Rome,length,14.04983,yd,
018,Catty,Japan,weight,1.308468,lb,
018,Catty,Java,weight,1.355925,lb,
018,Catty,Siam,weight,1.352536,lb,
018,Catty,Sumatra,weight,2.118429,lb,
018,Catty,Ternate,weight,1.301688,lb,
018,Catty _ Gold & Silver,China,weight,1.32535,lb,
018,Catty _ Gold & Silver,Malacca,weight,2.049143,lb,
018,Catty Commercial,China,weight,1.333333,lb,
018,Catty Commercial,Malacca,weight,1.35,lb,
018,Cavezzo,Bergamo,length,2.8728,yd,
018,Cavezzo,Cremona,length,3.15142,yd,
018,Cavezzo,Florence,length,3.82572,yd,
018,Cavezzo,Mantua,length,4.2246,yd,
018,Cavezzo,Milan,length,2.85558,yd,
018,Cavezzo,Modena,length,3.43214,yd,
018,Cavezzo,Padua,length,2.3452,yd,
018,Cavezzo,Reggio,length,3.48366,yd,
018,Cavezzo,Rovigo,length,2.5212,yd,
018,Cavezzo,Venice,length,2.2818,yd,
018,Cavezzo,Verona,length,2.2501,yd,
018,Cawney,Madras,superficial,1.3223,ac,
018,Cawney Legal,Carnatic,superficial,1.0047,ac,
018,Cawney Usual,Carnatic,superficial,1.1791,ac,
018,Celemin,Alicant,superficial,1.4657,ac,
019,Celemin,Aragon,dry capacity,0.05335,bu,
019,Celemin,Asturias,dry capacity,0.17768,bu,
019,Celemin,Canary Islands,dry capacity,0.14805,bu,
019,Celemin,Canary Islands,superficial,0.0417,ac,
019,Celemin,Castille,dry capacity,0.13326,bu,
019,Celemin,Malaga,dry capacity,0.12932,bu,
019,Celemin,Seville,dry capacity,0.12833,bu,
019,Celemin,Spain,superficial,0.1323,ac,
019,Celemin,Valencia,dry capacity,0.12004,bu,
019,Cent Lumber,France,solid,363.168,ft3,
019,Cent Old Measure Mean,Belgium,superficial,0.2036,ac,
019,Centass,Baden,weight,0.011024,lb,
019,Centenaar,Amsterdam,weight,108.94,lb,
019,Centiare,France,superficial,0.0002,ac,
019,Centigramme,France,weight (metals),0.15,gr,
019,Centilitre,France,dry capacity,0.00028,bu,
019,Centilitre,France,liquid capacity,0.00264,gal,
019,Centimetre,France,length,0.3937,in,
019,Centinajo,Florence,weight,74.68,lb,
019,Centinajo Since 1803,Milan,weight,220.4737,lb,
019,Centistere Not Used,France,solid,0.353,ft3,
019,Centlet,Ragusa,liquid capacity,0.24251,gal,
019,Centner,Bremen,weight,127.49096,lb,
019,Centner,Brunswic,weight,117.4884,lb,
019,Centner,Copenhagen,weight,110.11,lb,
019,Centner,Cracow,weight,142.83168,lb,
019,Centner,Darmstadt,weight,110.23685,lb,
019,Centner,Lubec,weight,119.699328,lb,
019,Centner,Norway,weight,110.11,lb,
019,Centner,Nurnberg,weight,112.4321,lb,
019,Centner,Prague,weight,136.08,lb,
019,Centner,Prussia,weight,113.44,lb,
019,Centner,Vienna,weight,123.46771,lb,
019,Centner,Warsaw,weight,133.302857,lb,
019,Centner,Zoll-Verein,weight,110.23685,lb,
019,Centner Actual Measure,Breslau,weight,113.44,lb,
019,Centner Old Measure,Bohemia,weight,136.11,lb,
019,Centner Old Measure,Breslau,weight,119.072791,lb,
019,Centumpondium,Ancient Romans,weight,72.189714,lb,
019,Centuria,Ancient Romans,superficial,124.5869,ac,
019,Centussia,Ancient Romans,weight,72.189714,lb,
019,Cequi,Smyra,weight,1.75078,lb,
020,Chain _ Surveying,England,length,22,yd,
020,Chain _ Surveying,Scotland,length,24.8,yd,
020,Chain _ Surveying,United States,length,22,yd,
020,Chain _ Surveying Square,United States,superficial,0.1,ac,
020,Chaince Old Measure,France,superficial,0.0163,ac,
020,Chaine _ Surveying,Belgium,length,21.87266,yd,
020,Chaine _ Surveying,France,length,21.87266,yd,
020,Chalcos,Ancient Greeks,weight (metals),1.4,gr,
020,Chalder,Scotland,dry capacity,65.39627,bu,
020,Chaldron _ Coal c,London,dry capacity,36,bu,
020,Chaldron _ Coal w,London,weight,3063.742,lb,
020,Chaldron _ Coal,Newcastle,weight,5936,lb,
020,Chalter,Stettin,dry capacity,84.22364,bu,
020,Chama,Ancient Greeks,liquid capacity,0.00238,gal,
020,Char,Geneva,liquid capacity,133.36623,gal,
020,Charge,Antwerp,weight,414.666,lb,
020,Charge,Embrun,superficial,1.0381,ac,
020,Charge,France,weight,323.7657,lb,
020,Charge,Marseilles,dry capacity,4.5305,bu,
020,Charge _ Charcoal,Paris,dry capacity,5.80631,bu,
020,Charge _ Oil,Montpellier,liquid capacity,39.40743,gal,
020,Chattae,Calcutta,dry capacity,0.00037,bu,
020,Chattae,Calcutta,superficial,0.001,ac,
020,Chattae,Calcutta,weight,0.116658,lb,
020,Chattae _ Grain,Seringapatam,dry capacity,0.00218,bu,
020,Chatte _ Milk,Seringapatam,liquid capacity,0.02024,gal,
020,Chau,China,dry capacity,0.00002,bu,
020,Chawl _ Gold Silver,Malwah,weight (metals),0.25,gr,
020,Chebbo,Venice,length,1.71131,yd,
020,Cheki,Bassora,weight,1.028571,lb,
020,Cheki,Constantinople,weight,0.701504,lb,
020,Cheki ,Smyra,weight,0.708214,lb,
020,Cheki _ Opium,Constantinople,weight,1.767857,lb,
020,Cheki _ Opium,Smyra,weight,1.770526,lb,
020,Chetung,Canton,length,4.10069,yd,
020,Chetung,Pekin,length,3.64583,yd,
020,Cheuk,China,dry capacity,0.00022,bu,
020,Cheville,Havre,solid,0.009,ft3,
020,Chik Architects,Canton,length,12.7093,in,
020,Chik Commerical Mean,Canton,length,14.7625,in,
020,Chik Mathematical,Pekin,length,13.125,in,
020,Chik Surveyors,Canton,length,12.0588,in,
021,Chilo,Cerigo,dry capacity,0.99999,bu,
021,Chittac,Ahmednuggur,weight,0.123214,lb,
021,Chittac,Bengal,weight,0.093894,lb,
021,Chittac Maximum,Masulipatan,weight,0.125,lb,
021,Chittac Minimum _ Metals,Masulipatan,weight,0.035156,lb,
021,Choinix,Ancient Greeks,dry capacity,0.03062,bu,
021,Chomer,Ancient Hebrews,dry capacity,11.023,bu,
021,Chopine,French West Indies,liquid capacity,0.13235,gal,
021,Chopine,Namur,liquid capacity,0.09369,gal,
021,Chopine,Paris,liquid capacity,0.12302,gal,
021,Chopine,Strasburg,liquid capacity,0.12734,gal,
021,Choppin,Scotland,liquid capacity,0.22382,gal,
021,Chous,Ancient Greeks,liquid capacity,0.85513,gal,
021,Chu,China,weight,0.003472,lb,
021,Chunam,Masulipatan,weight (metals),5.97,gr,
021,Chundoo,Ceylon,dry capacity,5.32,gr,
021,Clam,Siam,weight (metals),3.53,gr,
021,Clima,Ancient Romans,superficial,0.0779,ac,
021,Clove _ Woold,England,weight,7,lb,
021,Cobre,China,length,0.39067,yd,
021,Coccio,Sicily,weight (metals),0.85,gr,
021,Cochliarion,Ancient Greeks,dry capacity,0.00013,bu,
021,Cochliarion,Ancient Greeks,liquid capacity,0.00119,gal,
021,Codo,Spain,length,0.46368,yd,
021,Codo Of Ribeira,Spain,length,0.61824,yd,
021,Coffala _ Gold & Silver,Mocha,weight (metals),48,gr,
021,Cogno,Florence,liquid capacity,12.9335,gal,
021,Cohi,Siam,liquid capacity,13.38476,gal,
021,Cola,Aleppo,weight,177.2498,lb,
021,Colagah,Seringapatam,dry capacity,0.55663,bu,
021,Compas,Gironde,length,1.717,yd,
021,Concade,Auch,superficial,0.946,ac,
021,Concha,Ancient Greeks,dry capacity,0.00064,bu,
021,Concha,Ancient Greeks,liquid capacity,0.00594,gal,
021,Concia,Venice,liquid capacity,17.11872,gal,
021,Condorine,Japan,weight (metals),5.72,gr,
021,Condylos,Ancient Greeks,length,1.5172,in,
021,Congius,Ancient Romans,liquid capacity,0.85513,gal,
021,Conque _ Wheat & Soil,Bayonne,dry capacity,1.22095,bu,
021,Conzo,Trent,liquid capacity,20.60588,gal,
021,Conzo,Treviso,liquid capacity,20.60588,gal,
021,Conzo,Udino,liquid capacity,20.94931,gal,
022,Coom,England,dry capacity,4,bu,
022,Coondee _ Gold & Silver,Sumatra,weight (metals),1.77,gr,
022,Copa,Spain,liquid capacity,0.03331,gal,
022,Copang,Borneo,weight (metals),9.6,gr,
022,Copang,Sumatra,weight (metals),2.32,gr,
022,Copello,Bergamo,dry capacity,0.0979,bu,
022,Copet,Lausanne,dry capacity,0.00383,bu,
022,Copet,Neufchatel,dry capacity,0.1441,bu,
022,Coppa,Ancona,dry capacity,1.01479,bu,
022,Coppo,Milan,dry capacity,0.00234,bu,
022,Coppo,Milan,liquid capacity,0.02642,gal,
022,Coppo,Turin,dry capacity,0.08162,bu,
022,Coppo _ Oil,Lucca,liquid capacity,25.95652,gal,
022,Cor,Ancient Hebrews,dry capacity,11.023,bu,
022,Corah Maximum,Bengal,length,1.45556,yd,
022,Corah Minimum,Bengal,length,1.13889,yd,
022,Corba,Bologna,dry capacity,2.23166,bu,
022,Corba,Bologna,liquid capacity,20.76175,gal,
022,Corbula,Sardinia,dry capacity,0.34905,bu,
022,Corbula,Sardinia,superficial,0.2451,ac,
022,Cord _ Wood,England,solid,128,ft3,
022,Cord _ Wood,United States,solid,128,ft3,
022,Corde _ Wood,Antwerp,solid,22.494,ft3,
022,Corde _ Wood,Brussels ,solid,16.827,ft3,
022,Corde _ Wood,Liege,solid,126.359,ft3,
022,Corde _ Wood,Louvain,solid,54.953,ft3,
022,Corde Eaux Et Forets Old Measure,Paris,solid,135.616,ft3,
022,Corde Surveying,Brittany,length,8.52614,yd,
022,Corde Surveying,Brittany,superficial,0.015,ac,
022,Corde Wharfs,Paris,solid,172.481,ft3,
022,Cordel,Spain,length,13.60132,yd,
022,Cortan,Barcelona,dry capacity,0.17061,bu,
022,Cortan,Barcelona,liquid capacity,1.9625,gal,
022,Cortan _ Oil Mean,Barcelona,liquid capacity,1.05671,gal,
022,Coss,Calcutta,itinerary,1.2273,mi,
022,Coss,Seringapatam,itinerary,3.6458,mi,
022,Cottah,Calcutta,superficial,0.0158,ac,
022,Cotyla,Ancient Greeks,dry capacity,0.00765,bu,
022,Cotyla,Ancient Greeks,liquid capacity,0.07126,gal,
022,Coupe,Geneva,dry capacity,2.20365,bu,
022,Coupe,Lyons,dry capacity,0.24319,bu,
022,Coupee,Bresse,superficial,0.1629,ac,
023,Covado,Goa,length,0.74436,yd,
023,Covado,Lisbon,length,0.71717,yd,
023,Covado,Morocco,length,0.55141,yd,
023,Covado,Rio Janeiro,length,0.71328,yd,
023,Covid,Bombay,length,0.50329,yd,
023,Covid,Calcutta,length,0.4891,yd,
023,Covid,Ceylon,length,0.5139,yd,
023,Covid,China,length,0.39067,yd,
023,Covid,Java,length,0.75,yd,
023,Covid,Madras,length,0.51805,yd,
023,Covid,Malacca,length,0.50147,yd,
023,Covid,Mocha,length,0.52778,yd,
023,Covid,Pondichery,length,0.50012,yd,
023,Covid,Siam,length,0.5,yd,
023,Covid Average,English India,length,0.5,yd,
023,Coyang,Amboyna,dry capacity,55.3371,bu,
023,Coyang,Malacca,dry capacity,90.8096,bu,
023,Coyang,Siam,dry capacity,90.8096,bu,
023,Coyang _ Rice,Bantam,dry capacity,147.5656,bu,
023,Coyang _ Rice,Batavia,dry capacity,62.4316,bu,
023,Coyang Maximum,Sumatra,dry capacity,149.83584,bu,
023,Coyang Minimum,Sumatra,dry capacity,49.51961,bu,
023,Crat,Mocha,weight (metals),3,gr,
023,Crazia,Tuscany,length,1.913,in,
023,Cuartal,Aragon,dry capacity,0.21341,bu,
023,Cuarteron _ Oil,Madrid,liquid capacity,0.03374,gal,
023,Cuartilla,Aragon,dry capacity,0.07701,bu,
023,Cuartilla,Aragon,weight,0.016077,lb,
023,Cuartilla,Madrid,dry capacity,0.38877,bu,
023,Cuartilla _ Oil,Spain,liquid capacity,0.82978,gal,
023,Cuartilla _ Wine,Spain,liquid capacity,1.0657,gal,
023,Cuartillo ,Spain,superficial,0.0331,ac,
023,Cuartillo Maximum,Alicant,liquid capacity,0.18967,gal,
023,Cuartillo Maximum,Oviedo,dry capacity,0.04456,bu,
023,Cuartillo Minimum,Bernicarlo,dry capacity,0.02955,bu,
023,Cuartillo Minimum,Saragossa,liquid capacity,0.08215,gal,
023,Cuarto,Alicant,liquid capacity,0.76294,gal,
023,Cuarto,Corsica,liquid capacity,0.08559,gal,
023,Cuarto,Madeira,dry capacity,0.1129,bu,
023,Cuarto,Madrid,weight,0.015877,lb,
023,Cuarto,Valencia,liquid capacity,0.77828,gal,
023,Cuarto _ Oil,Barcelona,liquid capacity,0.27211,gal,
024,Cuarto,Tortosa,dry capacity,2.52016,bu,
024,Cuba,Abyssinia,liquid capacity,0.2684,gal,
024,Cube-Foot,England,solid,1,ft3,
024,Cube-Foot,United States,solid,1,ft3,
024,Cube-Yard,England,solid,27,ft3,
024,Cube-Yard,United States,solid,27,ft3,
024,Cubit,Ancient Babylonians,length,0.57888,yd,
024,Cubit,Batavia,length,0.75,yd,
024,Cubit,Masulipatan,length,0.53125,yd,
024,Cubit _ Matting,Surat,length,0.58056,yd,
024,Cubit Great,Ancient Egyptians,length,0.57888,yd,
024,Cubit Pachys Metrois,Ancient Egyptians,length,0.50572,yd,
024,Cubit Royal Persian,Ancient Babylonians,length,0.50572,yd,
024,Cubitus,Ancient Romans,length,0.48533,yd,
024,Cucciaro,Turin,dry capacity,0.0034,bu,
024,Cuerda,Spain,length,7.65074,yd,
024,Cuerda,Valencia,length,39.67667,yd,
024,Cugnatella _ Oil,Rome,liquid capacity,2.1693,gal,
024,Cuiller Old Measure,Brussels ,dry capacity,0.27671,bu,
024,Culah,Sumatra,dry capacity,0.06187,bu,
024,Culeus,Ancient Romans,liquid capacity,136.82,gal,
024,Cuttra,Bassora,weight,136.5,lb,
024,Cwierzac,Cracow,dry capacity,0.85205,bu,
024,Cwierzac,Cracow,length,6.0728,in,
024,Cwierzac,Warsaw,dry capacity,0.9081,bu,
024,Cwierzac Since 1819,Warsaw,length,5.6695,in,
024,Cyathos,Ancient Greeks,dry capacity,0.00128,bu,
024,Cyathos,Ancient Greeks,liquid capacity,0.01188,gal,
024,Cyathus,Ancient Romans,dry capacity,0.00128,bu,
024,Cyathus,Ancient Romans,liquid capacity,0.01188,gal,
024,Czeber,Hungary,liquid capacity,22.01923,gal,
024,Dactylos,Ancient Greeks,length,0.7586,in,
024,Dain,Rangoon,itinerary,2.4306,mi,
024,Dam,An-Nam,itinerary,0.5523,mi,
024,Dang _ Gold & Silver,Persia,weight (metals),11.96,gr,
024,Danik,Arabia,weight (metals),7.86,gr,
024,Danree,Chalons S Marne,superficial,0.1448,ac,
024,Decagramme,France,weight,0.022047,lb,
024,Decalitre,France,dry capacity,0.28378,bu,
024,Decalitre,France,liquid capacity,2.64178,gal,
024,Decametre,France,length,10.93633,yd,
025,Decapodon,Ancient Greeks,itinerary,0.0019,mi,
025,Decare Not Used,Ancient Greeks,superficial,0.2471,ac,
025,Decastere,Ancient Greeks,solid,353.166,ft3,
025,Decempeda,Ancient Romans,length,3.23555,yd,
025,Deciare Not Used,France,superficial,0.0025,ac,
025,Deciatine,St. Peterburg,superficial,2.7015,ac,
025,Decigramme,France,weight (metals),1.54,gr,
025,Decilitre,France,dry capacity,0.00284,bu,
025,Decilitre,France,liquid capacity,0.02642,gal,
025,Decimetre,France,length,3.9371,in,
025,Decimo,Rome,length,0.0733,in,
025,Decina,Rome,weight,7.4756,lb,
025,Decistere,France,solid,3.532,ft3,
025,Decussis,Ancient Romans,weight,7.218971,lb,
025,Dedo,Portugal,length,0.7218,in,
025,Dedo,Spain,length,0.6849,in,
025,Demi-Boisseau 1812-1840,France,dry capacity,0.17736,bu,
025,Demi-Hectogramme,France,weight,0.110237,lb,
025,Demi-Hectolitre,France,liquid capacity,13.2089,gal,
025,Demi-Litre,France,dry capacity,0.01419,bu,
025,Demi-Litre,France,liquid capacity,0.13209,gal,
025,Demi-Minot Old Measure _ Coal,France,dry capacity,1.13744,bu,
025,Demi-Queue,Champagne,liquid capacity,47.23766,gal,
025,Demi-Queue _ Wine,Burgundy,liquid capacity,53.14205,gal,
025,Demi-Setier,France,liquid capacity,0.06151,gal,
025,Denar,Breslau,weight (metals),12.33,gr,
025,Denarius Imperial,Ancient Romans,weight (metals),52.64,gr,
025,Denarius Republican,Ancient Romans,weight (metals),60.16,gr,
025,Denaro,Florence,length,0.0956,in,
025,Denaro,Florence,weight (metals),18.19,gr,
025,Denaro,Lucca,weight (metals),19.94,gr,
025,Denaro,Milan,weight (metals),18.9,gr,
025,Denaro,Parma,weight (metals),17.49,gr,
025,Denaro,Rome,weight (metals),18.17,gr,
025,Denaro,Turin,weight (metals),19.77,gr,
025,Denaro Metrical Since 1803,Italy,weight (metals),15.43,gr,
025,Denier,France,weight (metals),19.67,gr,
025,Denier ,Geneva,weight (metals),18.27,gr,
025,Denier Esterlin At 800,France,weight (metals),23.61,gr,
025,Denier Forbidden,France,weight (metals),15.43,gr,
025,Derah,Cairo,length,0.708,yd,
025,Derech-Yom Day's Journey,Ancient Hebrews,itinerary,16.954,mi,
026,Desatine,St. Peterburg,superficial,2.7015,ac,
026,Deunx,Ancient Romans,weight,0.661739,lb,
026,Deusken,Amsterdam,weight (metals),1.48,gr,
026,Dextana,Ancient Romans,weight,0.601581,lb,
026,Dhan _ Gold & Silver,Calcutta,weight (metals),0.56,gr,
026,Dhurra Maximum,Hindostan,weight,19.714,lb,
026,Dhurra Mean Of 16,Hindostan,weight,10.04719,lb,
026,Dhurra Minimum,Hindostan,weight,6.171,lb,
026,Diaulos,Ancient Greeks,itinerary,0.2299,mi,
026,Dichalcos,Ancient Greeks,weight (metals),2.81,gr,
026,Dichas,Ancient Greeks,length,6.0686,in,
026,Didrachmon,Ancient Aegina,weight,0.032086,lb,
026,Didrachmon,Ancient Attica,weight,0.019252,lb,
026,Didrachmon,Babylon,weight,0.032086,lb,
026,Didrachmon,Euboea,weight,0.026738,lb,
026,Diemt,Emden,superficial,1.4014,ac,
026,Diethaufe,Nurnberg,dry capacity,0.28213,bu,
026,Digitus,Ancient Romans,length,0.753,in,
026,Dilochos,Ancient Greeks,itinerary,1.3792,mi,
026,Dimerle,Bucharest,dry capacity,0.6981,bu,
026,Dinero,Spain,weight,0.002646,lb,
026,Dinheiro,Portugal,weight,0.002635,lb,
026,Diobolon,Ancient Greeks,weight (metals),22.46,gr,
026,Diota,Ancient Greeks,liquid capacity,5.13075,gal,
026,Dirhem,Abyssinia,weight (metals),40.13,gr,
026,Dirhem,Constantinople,weight (metals),49.5,gr,
026,Dirhem,Shiraz,weight (metals),23.62,gr,
026,Dirhem,Tauris,weight (metals),11.81,gr,
026,Dito Since 1803,Italy,length,0.3937,in,
026,Dodrans,Ancient Romans,weight,0.541423,lb,
026,Doigt Not Used,France,length,0.3937,in,
026,Doit,England,weight (metals),0.002,gr,
026,Doli,Russia,weight (metals),0.09,gr,
026,Dolichos Delphic,Ancient Greeks,itinerary,1.109,mi,
026,Dolichos Olympic,Ancient Greeks,itinerary,1.3792,mi,
026,Dolichos Philetairic Syrian,Ancient Greeks,itinerary,1.5781,mi,
026,Dong,An-Nam,weight (metals),60.27,gr,
026,Doppelmass,Solothurn,dry capacity,0.75174,bu,
026,Doron,Ancient Greeks,length,3.0343,in,
026,Double-Boisseau,France,dry capacity,0.70945,bu,
026,Double-Stere,France,solid,70.633,ft3,
026,Dra Mearour,Aleppo,length,0.60686,yd,
027,Dra Stambouli,Aleppo,length,0.708,yd,
027,Drachm Apothecaries,England,weight (metals),60,gr,
027,Drachma,Aix La Chappelle,weight (metals),56.31,gr,
027,Drachma,Ancient Aegina,weight (metals),112.3,gr,
027,Drachma,Ancient Attica,weight (metals),67.38,gr,
027,Drachma,Ancient Romans,weight (metals),52.64,gr,
027,Drachma,Babylon,weight (metals),112.3,gr,
027,Drachma,Berlin,weight (metals),56.4,gr,
027,Drachma,Berne,weight (metals),62.71,gr,
027,Drachma,Cairo,weight (metals),48.6,gr,
027,Drachma,Cologne,weight (metals),56.35,gr,
027,Drachma,Dresden,weight (metals),56.29,gr,
027,Drachma,Euboea,weight (metals),93.58,gr,
027,Drachma,Frankfort,weight (metals),60.93,gr,
027,Drachma,Greece,weight (metals),59,gr,
027,Drachma,Hamburg,weight (metals),58.4,gr,
027,Drachma,Hanover,weight (metals),59.03,gr,
027,Drachma,Hungary,weight (metals),48.62,gr,
027,Drachma,Ionian Isles,weight (metals),47.25,gr,
027,Drachma,Leipsic,weight (metals),56.36,gr,
027,Drachma,Lubec,weight (metals),58.45,gr,
027,Drachma,Mecklenburg,weight (metals),61.27,gr,
027,Drachma,Morea,weight (metals),46.26,gr,
027,Drachma,Nurnberg,weight (metals),57.53,gr,
027,Drachma,Smyra,weight (metals),49.21,gr,
027,Drachma,Tripoli In Africa,weight (metals),48,gr,
027,Drachma,Tripoli In Syria,weight (metals),46.73,gr,
027,Drachma,United States,weight (metals),60,gr,
027,Drachma,Vienna,weight (metals),67.69,gr,
027,Drachma,Wurtemberg,weight (metals),56.36,gr,
027,Drachma Apothecaries,Berlin,weight (metals),57.47,gr,
027,Drachma Apothecaries,Berne,weight (metals),57.34,gr,
027,Drachma Apothecaries,Frankfort,weight (metals),57.54,gr,
027,Drachma Apothecaries,Germany,weight (metals),57.53,gr,
027,Drachma Light,Frankfort,weight (metals),56.41,gr,
027,Drachme,Antwerp,weight (metals),45.34,gr,
027,Dracma,Madrid,weight (metals),55.57,gr,
027,Dragma,Amsterdam,weight (metals),59.32,gr,
027,Dragma,Poland,weight (metals),48.9,gr,
027,Dragma Commercial,Amsterdam,weight (metals),59.49,gr,
027,Drakme,Copenhagen,weight (metals),60.2,gr,
028,Dram,England,weight (metals),27.34,gr,
028,Dramma,Florence,weight (metals),54.58,gr,
028,Dramma,Rome,weight (metals),54.51,gr,
028,Dramma,Turin,weight (metals),49.4,gr,
028,Dreiling,Rhenish Prussia,dry capacity,0.22163,bu,
028,Dreiling,Vienna,liquid capacity,448.5741,gal,
028,Dreissinger,Bavaria,dry capacity,0.03287,bu,
028,Drittel,Hanover,dry capacity,0.29428,bu,
028,Dromt _ Oats,Lubec,dry capacity,13.36036,bu,
028,Dromt _ Oats,Rostock,dry capacity,14.92115,bu,
028,Dromt _ Wheat & Rye,Lubec,dry capacity,11.37674,bu,
028,Dromt _ Wheat & Rye,Rostock,dry capacity,13.24305,bu,
028,Dromt Legal Measure,Stettin,dry capacity,18.71529,bu,
028,Dromt Old Measure,Stettin,dry capacity,17.58868,bu,
028,Ducal Of Gold,Germany,weight (metals),53.86,gr,
028,Duella,Ancient Romans,weight,0.020053,lb,
028,Duim Netherlandic,Holland,length,0.3937,in,
028,Dumplachter,Bohemia,length,2.59833,yd,
028,Duong,An-Nam,length,7.10512,yd,
028,Dupondius,Ancient Romans,weight,1.443794,lb,
028,Ecklein,Wurtemberg,dry capacity,0.01965,bu,
028,Ecklein,Wurtemberg,solid,7.479,ft3,
028,Eggeba,Guinea,weight,0.047119,lb,
028,Eimer,Aarau,liquid capacity,9.5141,gal,
028,Eimer,Altona,liquid capacity,7.65059,gal,
028,Eimer,Appenzell,liquid capacity,11.06758,gal,
028,Eimer,Augsburg,liquid capacity,19.90336,gal,
028,Eimer,Berlin,liquid capacity,18.14638,gal,
028,Eimer,Bohemia,liquid capacity,16.14128,gal,
028,Eimer,Courland,liquid capacity,20.83043,gal,
028,Eimer,Dantzic,liquid capacity,18.14902,gal,
028,Eimer,Dresden,liquid capacity,17.81352,gal,
028,Eimer,Glaris,liquid capacity,28.20343,gal,
028,Eimer,Gotha,liquid capacity,19.22418,gal,
028,Eimer _ Beer,Bavaria,liquid capacity,18.07505,gal,
028,Eimer _ Beer,Erfurt,liquid capacity,19.45671,gal,
028,Eimer _ Wine,Bavaria,liquid capacity,16.94438,gal,
028,Eimer _ Wine,Breslau,liquid capacity,18.14638,gal,
028,Eimer _ Wine,Erfurt,liquid capacity,18.73815,gal,
028,Eimer Old Measure,Berlin,liquid capacity,24.90983,gal,
028,Eimer Old Measure,Breslau,liquid capacity,14.67244,gal,
029,Eimer,Hamburg,liquid capacity,7.62946,gal,
029,Eimer,Hanover,liquid capacity,16.43452,gal,
029,Eimer,Hungary,liquid capacity,15.02935,gal,
029,Eimer,Hungary,liquid capacity,19.36874,gal,
029,Eimer,Lausanne,liquid capacity,10.69921,gal,
029,Eimer,Leipsic,liquid capacity,20.03843,gal,
029,Eimer,Lubec,liquid capacity,7.91472,gal,
029,Eimer,Mecklenburg,liquid capacity,7.65482,gal,
029,Eimer,Munich,liquid capacity,18.074,gal,
029,Eimer,Prague,liquid capacity,16.95151,gal,
029,Eimer,Ratisbon,liquid capacity,13.2089,gal,
029,Eimer,Rostock,liquid capacity,7.65059,gal,
029,Eimer,Schaffhausen,liquid capacity,11.1128,gal,
029,Eimer,South Gall,liquid capacity,11.09275,gal,
029,Eimer,Vienna,liquid capacity,14.95247,gal,
029,Eimer,Weimar,liquid capacity,19.3643,gal,
029,Eimer _ Lime & Charcoal,Wurtemberg,dry capacity,8.34114,bu,
029,Eimer Eich-Mass On Lees,Wurtemberg,liquid capacity,81.04624,gal,
029,Eimer Hell Eich-Mass Refined,Wurtemberg,liquid capacity,77.64944,gal,
029,Eimer Lauter-Mass,Zurich,liquid capacity,28.92749,gal,
029,Eimer Schenk-Mass,Nurnberg,liquid capacity,18.22338,gal,
029,Eimer Schenk-Mass,Wurtemberg,liquid capacity,70.5904,gal,
029,Eimer Truber-Mass,Zurich,liquid capacity,30.86599,gal,
029,Eimer Visir-Mass,Nurnberg,liquid capacity,19.36234,gal,
029,El,Bergen-Op-Zoom,length,0.75739,yd,
029,El,Breda,length,0.75739,yd,
029,El,Dordrecht,length,0.74728,yd,
029,El,Groningen,length,0.75822,yd,
029,El,Harlaem,length,0.79586,yd,
029,El,Zealand,length,0.75492,yd,
029,El Netherlandic,Holland,length,1.09363,yd,
029,El Of Brabant,Amsterdam,length,0.75931,yd,
029,El Of Flanders,Amsterdam,length,0.77714,yd,
029,El Old Measure,Amsterdam,length,0.75219,yd,
029,El Old Measure,Nimeguen,length,0.74753,yd,
029,El Retail,Dendermonde,length,0.76117,yd,
029,El Wholesale,Dendermonde,length,0.79944,yd,
029,Ell,England,length,1.25,yd,
029,Ell,Ireland,length,1.25,yd,
029,Ell,Scotland,length,1.03333,yd,
029,Elle,Aarau,length,0.64948,yd,
029,Elle,Aix La Chappelle,length,0.73135,yd,
030,Elle,Anhalt Coethen,length,0.69544,yd,
030,Elle,Augsburg,length,0.6478,yd,
030,Elle,Austria,length,0.87458,yd,
030,Elle,Basel,length,1.23372,yd,
030,Elle,Berne,length,0.5933,yd,
030,Elle,Bohemia,length,0.64962,yd,
030,Elle,Brabant,length,0.76072,yd,
030,Elle,Bremen,length,0.64382,yd,
030,Elle,Brunswic,length,0.62416,yd,
030,Elle,Coblentz,length,0.62689,yd,
030,Elle,Coburg,length,0.64142,yd,
030,Elle,Courland,length,0.66781,yd,
030,Elle,Dresden,length,0.61958,yd,
030,Elle,Frankfort,length,0.59856,yd,
030,Elle,Frankfort,length,0.72556,yd,
030,Elle,Giessen,length,0.60092,yd,
030,Elle,Giessen,length,0.62689,yd,
030,Elle,Rhenish Bavaria,length,1.31236,yd,
030,Elle _ Cloth,Antwerp,length,0.74848,yd,
030,Elle _ Linen,Appenzell,length,0.87677,yd,
030,Elle _ Silk,Antwerp,length,0.75931,yd,
030,Elle _ Woollens,Appenzell,length,0.67375,yd,
030,Elle Legal,Austria,length,0.85216,yd,
030,Elle Legal,Baden,length,0.65617,yd,
030,Elle Legal,Bavaria,length,0.911,yd,
030,Elle Legal,Berlin,length,0.72934,yd,
030,Elle Legal,Dantzic,length,0.72934,yd,
030,Elle Maximum,Bavaria,length,0.91331,yd,
030,Elle Mean Of 36,Bavaria,length,0.72553,yd,
030,Elle Mercers,Augsburg,length,0.66657,yd,
030,Elle Minimum,Bavaria,length,0.60197,yd,
030,Elle Of Brabant,Altona,length,0.75614,yd,
030,Elle Of Brabant,Frankfort,length,0.76467,yd,
030,Elle Of Hamburg,Altona,length,0.62664,yd,
030,Elle Of Prussia,Breslau,length,0.72934,yd,
030,Elle Of Silesia,Breslau,length,0.62983,yd,
030,Elle Old Measure,Berlin,length,0.73022,yd,
030,Elle Old Measure,Carlsruhe,length,0.60589,yd,
030,Elle Old Measure,Cologne,length,0.6291,yd,
030,Elle Old Measure,Dantzic,length,0.6275,yd,
030,Elle Old Measure,Dusseldorf,length,0.64586,yd,
030,Elle Old Measure,Dusseldorf,length,0.74936,yd,
031,Elle,Gotha,length,0.6291,yd,
031,Elle,Gueldrea,length,0.72561,yd,
031,Elle,Halle,length,0.62467,yd,
031,Elle,Hanover,length,0.63867,yd,
031,Elle,Hesse Cassel,length,0.62318,yd,
031,Elle,Hesse Darmstadt,length,0.59898,yd,
031,Elle,Holstein,length,0.62663,yd,
031,Elle,Hungary,length,0.85216,yd,
031,Elle,Hungary,length,0.87458,yd,
031,Elle,Konigsberg,length,0.62862,yd,
031,Elle,Leipsic,length,0.61824,yd,
031,Elle,Lippe,length,0.63324,yd,
031,Elle,Lubec,length,0.62972,yd,
031,Elle,Lucerne,length,0.68648,yd,
031,Elle,Mannheim,length,0.61036,yd,
031,Elle,Mecklenburg,length,0.62664,yd,
031,Elle,Moravia,length,0.86474,yd,
031,Elle,Munich,length,0.911,yd,
031,Elle,Neufchatel,length,0.60758,yd,
031,Elle,Nurnberg,length,0.71786,yd,
031,Elle,Oldenburg,length,0.63206,yd,
031,Elle,Osnabruck,length,0.69817,yd,
031,Elle,Pomerania,length,0.71175,yd,
031,Elle,Presburg,length,0.61036,yd,
031,Elle,Ragusa,length,0.56125,yd,
031,Elle,Rostock,length,0.63254,yd,
031,Elle,Schaffhausen,length,0.65126,yd,
031,Elle,Schweitz,length,0.65617,yd,
031,Elle,Silesia Austrian,length,0.63254,yd,
031,Elle,Silesia Prussian,length,0.62983,yd,
031,Elle,Solothurn,length,0.59581,yd,
031,Elle,South Gall,length,0.66854,yd,
031,Elle,South Gall,length,0.80426,yd,
031,Elle _ Linens,Thurgau,length,0.87677,yd,
031,Elle _ Silk,Hamburg,length,0.62663,yd,
031,Elle _ Woollens,Hamburg,length,0.75617,yd,
031,Elle _ Woollens,Thurgau,length,0.67375,yd,
031,Elle Of Bohemia,Prague,length,0.64962,yd,
031,Elle Of Moravia,Prague,length,0.86474,yd,
031,Elle Old Measure,Munster,length,0.88419,yd,
031,Elle Old Measure,Ratisbon,length,0.88704,yd,
031,Elle Old Measure,Strasburg,length,0.58864,yd,
032,Elle,Transylvania,length,0.68139,yd,
032,Elle,Tyrol,length,0.8795,yd,
032,Elle,Vaud,length,0.65629,yd,
032,Elle,Vienna,length,0.85216,yd,
032,Elle,Weimar,length,0.61676,yd,
032,Elle,Wurtemberg,length,0.61675,yd,
032,Elle,Zurich,length,0.65629,yd,
032,Elle Old Measure,Ulm,length,0.62169,yd,
032,Embar,Sweden,liquid capacity,20.73268,gal,
032,Emine,Lausanne,dry capacity,0.03831,bu,
032,Emine,Montpellier,liquid capacity,4.91071,gal,
032,Emine,Neufchatel,dry capacity,0.43232,bu,
032,Emine,Vaud,dry capacity,0.03831,bu,
032,Emine Maximum,France,dry capacity,13.50992,bu,
032,Emine Old Measure Minimum,France,dry capacity,0.73783,bu,
032,Eminee,Gap,superficial,0.1642,ac,
032,Eminee,Nismes,superficial,0.1389,ac,
032,Eminee Old Measure,Avignon,superficial,0.2108,ac,
032,Emmer,Antwerp,liquid capacity,8.80593,gal,
032,Endesi _ Cloths,Bucharest,length,0.72433,yd,
032,Endrasi,Constantinople,length,0.75167,yd,
032,Engel _ Gold Etc,Amsterdam,weight (metals),23.73,gr,
032,Epha,Ancient Hebrews,dry capacity,1.103,bu,
032,Es,Copenhagen,weight (metals),0.89,gr,
032,Escandal,Marseilles,liquid capacity,4.22684,gal,
032,Esche,Cologne,weight (metals),0.83,gr,
032,Escropulo _ Gold,Oporto,weight (metals),18.45,gr,
032,Escropulo _ Precious Stones,Portugal,weight (metals),9.53,gr,
032,Escrupulo Apothecaries,Spain,weight (metals),18.51,gr,
032,Estadale _ Vineyards,Spain,superficial,0.0024,ac,
032,Estadale Old Measure,Spain,length,3.40033,yd,
032,Estadale Since 1801,Spain,length,3.70944,yd,
032,Estadio,Portugal,itinerary,0.1594,mi,
032,Estado,Spain,length,1.85472,yd,
032,Esterlin ,Holland,weight (metals),15.43,gr,
032,Esterlin _ Gold Old Measure,France,weight (metals),23.61,gr,
032,Esterlin _ Gold Old Measure,Netherlands,weight (metals),23.74,gr,
032,Etto,Sumatra,length,0.52,yd,
032,Etzba,Ancient Hebrews,length,0.01992,yd,
